username,status,info
rocksharks77,clicked,
chrisprattfan_,clicked,
day_off_spam,clicked,
bostero_jrr,clicked,
hedir_sr28_,clicked,
lybntlfr_ali_jedan,clicked,
shkolnitskaia,clicked,
yuswandar99,clicked,
g_de_giu,clicked,
mr_dinardo,clicked,
username,status,info
igr.ru______,clicked,
erickrenato_gp04,clicked,
pelirrojotargarien,clicked,
sebastianqa12,clicked,
madeeh_,clicked,
jessilove2,clicked,
bilal_ghozy,clicked,
christian21g,clicked,
di_mi84,clicked,
antalkaizabell,clicked,
